10818609524_742ec7038c_c.jpg,7S LUNGH TIME,B0[ L e RERR O E TN)LHESFINOVITEIOU)
10818474685_9ff1d4937f_c.jpg,
10922671435_4a5a0d9648_c.jpg,
10922757384_f0442295c7_c.jpg,P e b
10818751043_1f879232ca_c.jpg,
10818607444_9a55bfc87d_c.jpg,=k(g
10922646236_e55ae287c1_c.jpg,
10922662835_a13c42ce3a_c.jpg,s' ATES L oyb d: & 52-
10818751533_3dc3681fe4_c.jpg,
10922724664_115bf3319e_c.jpg,
10943346956_89fbc59acc_c.jpg,
10922696125_baa7df6572_c.jpg,
10922614985_02884c33d3_c.jpg,
10922741184_12a48fcd23_c.jpg,Hnnwnmmmml= s&anmuï¬‚
