0_10818609524_742ec7038c_c.jpg,
1_10818609524_742ec7038c_c.jpg,
2_10818609524_742ec7038c_c.jpg,
3_10818609524_742ec7038c_c.jpg,
4_10818609524_742ec7038c_c.jpg,
5_10818609524_742ec7038c_c.jpg,
6_10818609524_742ec7038c_c.jpg,
7_10818609524_742ec7038c_c.jpg,IT'S CONCHBTWE RE NOT) EATING)
0_10818474685_9ff1d4937f_c.jpg,
0_10922671435_4a5a0d9648_c.jpg,
0_10922757384_f0442295c7_c.jpg,
0_10818751043_1f879232ca_c.jpg,
0_10818607444_9a55bfc87d_c.jpg,
0_10922646236_e55ae287c1_c.jpg,
0_10922662835_a13c42ce3a_c.jpg,
0_10818751533_3dc3681fe4_c.jpg,
1_10818751533_3dc3681fe4_c.jpg,
2_10818751533_3dc3681fe4_c.jpg,
3_10818751533_3dc3681fe4_c.jpg,
4_10818751533_3dc3681fe4_c.jpg,
5_10818751533_3dc3681fe4_c.jpg,
6_10818751533_3dc3681fe4_c.jpg,
7_10818751533_3dc3681fe4_c.jpg,
8_10818751533_3dc3681fe4_c.jpg,
9_10818751533_3dc3681fe4_c.jpg,
10_10818751533_3dc3681fe4_c.jpg,
11_10818751533_3dc3681fe4_c.jpg,
12_10818751533_3dc3681fe4_c.jpg,
13_10818751533_3dc3681fe4_c.jpg,
14_10818751533_3dc3681fe4_c.jpg,
0_10922724664_115bf3319e_c.jpg,
0_10943346956_89fbc59acc_c.jpg,
0_10922696125_baa7df6572_c.jpg,
0_10922614985_02884c33d3_c.jpg,
0_10922741184_12a48fcd23_c.jpg,
